Workbook

Sheet Commands
A1: Enabled | B1: ScriptId | C1: ScriptRelativePath | D1: InputCsvRelativePath | E1: OutputCsvPathOverride | F1: NeedsSharePointAdminUrl | G1: UseWhatIf | H1: AdditionalArgs | I1: Notes | J1: ReadyState | K1: Command
A2: =TRUE -> TRUE | B2: M3003 | C2: Online\Modify\M3003-Set-EntraUserLicenses.ps1 | D2: Online\Modify\M3003-Set-EntraUserLicenses.input.csv | F2: =FALSE -> FALSE | G2: =UPPER(Config!$B$6)="TRUE" -> TRUE | I2: Assign user licenses | J2: =IF(A2<>TRUE,"Skip",IF(OR(C2="",D2="",AND(F2=TRUE,Config!$B$5="")),"Missing required","Ready")) -> Ready | K2: =IF(A2<>TRUE,"",TRIM(Config!$B$4 & " -File """ & Config!$B$3 & "\" & C2 & """ -InputCsvPath """ & Config!$B$3 & "\" & D2 & """" & IF(E2<>""," -OutputCsvPath """ & IF(OR(LEFT(E2,2)="\\",MID(E2,2,1)=":"),E2,Config!$B$3 & "\" & E2) & """","") & IF(F2=TRUE," -SharePointAdminUrl """ & Config!$B$5 & """","") & IF(G2=TRUE," -WhatIf","") & IF(H2<>""," " & H2,""))) -> pwsh -File "C:\temp\EntraID_EXO_Basic\Online\Modify\M3003-Set-EntraUserLicenses.ps1" -InputCsvPath "C:\temp\EntraID_EXO_Basic\Online\Modify\M3003-Set-EntraUserLicenses.input.csv" -WhatIf
A3: =TRUE -> TRUE | B3: M3007 | C3: Online\Modify\M3007-Set-EntraSecurityGroupMembers.ps1 | D3: Online\Modify\M3007-Set-EntraSecurityGroupMembers.input.csv | F3: =FALSE -> FALSE | G3: =UPPER(Config!$B$6)="TRUE" -> TRUE | I3: Update Entra security group membership | J3: =IF(A3<>TRUE,"Skip",IF(OR(C3="",D3="",AND(F3=TRUE,Config!$B$5="")),"Missing required","Ready")) -> Ready | K3: =IF(A3<>TRUE,"",TRIM(Config!$B$4 & " -File """ & Config!$B$3 & "\" & C3 & """ -InputCsvPath """ & Config!$B$3 & "\" & D3 & """" & IF(E3<>""," -OutputCsvPath """ & IF(OR(LEFT(E3,2)="\\",MID(E3,2,1)=":"),E3,Config!$B$3 & "\" & E3) & """","") & IF(F3=TRUE," -SharePointAdminUrl """ & Config!$B$5 & """","") & IF(G3=TRUE," -WhatIf","") & IF(H3<>""," " & H3,""))) -> pwsh -File "C:\temp\EntraID_EXO_Basic\Online\Modify\M3007-Set-EntraSecurityGroupMembers.ps1" -InputCsvPath "C:\temp\EntraID_EXO_Basic\Online\Modify\M3007-Set-EntraSecurityGroupMembers.input.csv" -WhatIf
A4: =TRUE -> TRUE | B4: M3113 | C4: Online\Modify\M3113-Update-ExchangeOnlineMailContacts.ps1 | D4: Online\Modify\M3113-Update-ExchangeOnlineMailContacts.input.csv | F4: =FALSE -> FALSE | G4: =UPPER(Config!$B$6)="TRUE" -> TRUE | I4: Update mail contacts | J4: =IF(A4<>TRUE,"Skip",IF(OR(C4="",D4="",AND(F4=TRUE,Config!$B$5="")),"Missing required","Ready")) -> Ready | K4: =IF(A4<>TRUE,"",TRIM(Config!$B$4 & " -File """ & Config!$B$3 & "\" & C4 & """ -InputCsvPath """ & Config!$B$3 & "\" & D4 & """" & IF(E4<>""," -OutputCsvPath """ & IF(OR(LEFT(E4,2)="\\",MID(E4,2,1)=":"),E4,Config!$B$3 & "\" & E4) & """","") & IF(F4=TRUE," -SharePointAdminUrl """ & Config!$B$5 & """","") & IF(G4=TRUE," -WhatIf","") & IF(H4<>""," " & H4,""))) -> pwsh -File "C:\temp\EntraID_EXO_Basic\Online\Modify\M3113-Update-ExchangeOnlineMailContacts.ps1" -InputCsvPath "C:\temp\EntraID_EXO_Basic\Online\Modify\M3113-Update-ExchangeOnlineMailContacts.input.csv" -WhatIf
A5: =TRUE -> TRUE | B5: M3114 | C5: Online\Modify\M3114-Update-ExchangeOnlineDistributionLists.ps1 | D5: Online\Modify\M3114-Update-ExchangeOnlineDistributionLists.input.csv | F5: =FALSE -> FALSE | G5: =UPPER(Config!$B$6)="TRUE" -> TRUE | I5: Update distribution lists | J5: =IF(A5<>TRUE,"Skip",IF(OR(C5="",D5="",AND(F5=TRUE,Config!$B$5="")),"Missing required","Ready")) -> Ready | K5: =IF(A5<>TRUE,"",TRIM(Config!$B$4 & " -File """ & Config!$B$3 & "\" & C5 & """ -InputCsvPath """ & Config!$B$3 & "\" & D5 & """" & IF(E5<>""," -OutputCsvPath """ & IF(OR(LEFT(E5,2)="\\",MID(E5,2,1)=":"),E5,Config!$B$3 & "\" & E5) & """","") & IF(F5=TRUE," -SharePointAdminUrl """ & Config!$B$5 & """","") & IF(G5=TRUE," -WhatIf","") & IF(H5<>""," " & H5,""))) -> pwsh -File "C:\temp\EntraID_EXO_Basic\Online\Modify\M3114-Update-ExchangeOnlineDistributionLists.ps1" -InputCsvPath "C:\temp\EntraID_EXO_Basic\Online\Modify\M3114-Update-ExchangeOnlineDistributionLists.input.csv" -WhatIf
A6: =TRUE -> TRUE | B6: M3115 | C6: Online\Modify\M3115-Set-ExchangeOnlineDistributionListMembers.ps1 | D6: Online\Modify\M3115-Set-ExchangeOnlineDistributionListMembers.input.csv | F6: =FALSE -> FALSE | G6: =UPPER(Config!$B$6)="TRUE" -> TRUE | I6: Update DL membership | J6: =IF(A6<>TRUE,"Skip",IF(OR(C6="",D6="",AND(F6=TRUE,Config!$B$5="")),"Missing required","Ready")) -> Ready | K6: =IF(A6<>TRUE,"",TRIM(Config!$B$4 & " -File """ & Config!$B$3 & "\" & C6 & """ -InputCsvPath """ & Config!$B$3 & "\" & D6 & """" & IF(E6<>""," -OutputCsvPath """ & IF(OR(LEFT(E6,2)="\\",MID(E6,2,1)=":"),E6,Config!$B$3 & "\" & E6) & """","") & IF(F6=TRUE," -SharePointAdminUrl """ & Config!$B$5 & """","") & IF(G6=TRUE," -WhatIf","") & IF(H6<>""," " & H6,""))) -> pwsh -File "C:\temp\EntraID_EXO_Basic\Online\Modify\M3115-Set-ExchangeOnlineDistributionListMembers.ps1" -InputCsvPath "C:\temp\EntraID_EXO_Basic\Online\Modify\M3115-Set-ExchangeOnlineDistributionListMembers.input.csv" -WhatIf
A7: =TRUE -> TRUE | B7: M3116 | C7: Online\Modify\M3116-Update-ExchangeOnlineSharedMailboxes.ps1 | D7: Online\Modify\M3116-Update-ExchangeOnlineSharedMailboxes.input.csv | F7: =FALSE -> FALSE | G7: =UPPER(Config!$B$6)="TRUE" -> TRUE | I7: Update shared mailbox settings | J7: =IF(A7<>TRUE,"Skip",IF(OR(C7="",D7="",AND(F7=TRUE,Config!$B$5="")),"Missing required","Ready")) -> Ready | K7: =IF(A7<>TRUE,"",TRIM(Config!$B$4 & " -File """ & Config!$B$3 & "\" & C7 & """ -InputCsvPath """ & Config!$B$3 & "\" & D7 & """" & IF(E7<>""," -OutputCsvPath """ & IF(OR(LEFT(E7,2)="\\",MID(E7,2,1)=":"),E7,Config!$B$3 & "\" & E7) & """","") & IF(F7=TRUE," -SharePointAdminUrl """ & Config!$B$5 & """","") & IF(G7=TRUE," -WhatIf","") & IF(H7<>""," " & H7,""))) -> pwsh -File "C:\temp\EntraID_EXO_Basic\Online\Modify\M3116-Update-ExchangeOnlineSharedMailboxes.ps1" -InputCsvPath "C:\temp\EntraID_EXO_Basic\Online\Modify\M3116-Update-ExchangeOnlineSharedMailboxes.input.csv" -WhatIf
A8: =TRUE -> TRUE | B8: M3117 | C8: Online\Modify\M3117-Set-ExchangeOnlineSharedMailboxPermissions.ps1 | D8: Online\Modify\M3117-Set-ExchangeOnlineSharedMailboxPermissions.input.csv | F8: =FALSE -> FALSE | G8: =UPPER(Config!$B$6)="TRUE" -> TRUE | I8: Update shared mailbox permissions | J8: =IF(A8<>TRUE,"Skip",IF(OR(C8="",D8="",AND(F8=TRUE,Config!$B$5="")),"Missing required","Ready")) -> Ready | K8: =IF(A8<>TRUE,"",TRIM(Config!$B$4 & " -File """ & Config!$B$3 & "\" & C8 & """ -InputCsvPath """ & Config!$B$3 & "\" & D8 & """" & IF(E8<>""," -OutputCsvPath """ & IF(OR(LEFT(E8,2)="\\",MID(E8,2,1)=":"),E8,Config!$B$3 & "\" & E8) & """","") & IF(F8=TRUE," -SharePointAdminUrl """ & Config!$B$5 & """","") & IF(G8=TRUE," -WhatIf","") & IF(H8<>""," " & H8,""))) -> pwsh -File "C:\temp\EntraID_EXO_Basic\Online\Modify\M3117-Set-ExchangeOnlineSharedMailboxPermissions.ps1" -InputCsvPath "C:\temp\EntraID_EXO_Basic\Online\Modify\M3117-Set-ExchangeOnlineSharedMailboxPermissions.input.csv" -WhatIf
A9: =TRUE -> TRUE | B9: M3118 | C9: Online\Modify\M3118-Update-ExchangeOnlineResourceMailboxes.ps1 | D9: Online\Modify\M3118-Update-ExchangeOnlineResourceMailboxes.input.csv | F9: =FALSE -> FALSE | G9: =UPPER(Config!$B$6)="TRUE" -> TRUE | I9: Update resource mailbox settings | J9: =IF(A9<>TRUE,"Skip",IF(OR(C9="",D9="",AND(F9=TRUE,Config!$B$5="")),"Missing required","Ready")) -> Ready | K9: =IF(A9<>TRUE,"",TRIM(Config!$B$4 & " -File """ & Config!$B$3 & "\" & C9 & """ -InputCsvPath """ & Config!$B$3 & "\" & D9 & """" & IF(E9<>""," -OutputCsvPath """ & IF(OR(LEFT(E9,2)="\\",MID(E9,2,1)=":"),E9,Config!$B$3 & "\" & E9) & """","") & IF(F9=TRUE," -SharePointAdminUrl """ & Config!$B$5 & """","") & IF(G9=TRUE," -WhatIf","") & IF(H9<>""," " & H9,""))) -> pwsh -File "C:\temp\EntraID_EXO_Basic\Online\Modify\M3118-Update-ExchangeOnlineResourceMailboxes.ps1" -InputCsvPath "C:\temp\EntraID_EXO_Basic\Online\Modify\M3118-Update-ExchangeOnlineResourceMailboxes.input.csv" -WhatIf
A10: =TRUE -> TRUE | B10: M3119 | C10: Online\Modify\M3119-Set-ExchangeOnlineResourceMailboxBookingDelegates.ps1 | D10: Online\Modify\M3119-Set-ExchangeOnlineResourceMailboxBookingDelegates.input.csv | F10: =FALSE -> FALSE | G10: =UPPER(Config!$B$6)="TRUE" -> TRUE | I10: Update resource booking delegates | J10: =IF(A10<>TRUE,"Skip",IF(OR(C10="",D10="",AND(F10=TRUE,Config!$B$5="")),"Missing required","Ready")) -> Ready | K10: =IF(A10<>TRUE,"",TRIM(Config!$B$4 & " -File """ & Config!$B$3 & "\" & C10 & """ -InputCsvPath """ & Config!$B$3 & "\" & D10 & """" & IF(E10<>""," -OutputCsvPath """ & IF(OR(LEFT(E10,2)="\\",MID(E10,2,1)=":"),E10,Config!$B$3 & "\" & E10) & """","") & IF(F10=TRUE," -SharePointAdminUrl """ & Config!$B$5 & """","") & IF(G10=TRUE," -WhatIf","") & IF(H10<>""," " & H10,""))) -> pwsh -File "C:\temp\EntraID_EXO_Basic\Online\Modify\M3119-Set-ExchangeOnlineResourceMailboxBookingDelegates.ps1" -InputCsvPath "C:\temp\EntraID_EXO_Basic\Online\Modify\M3119-Set-ExchangeOnlineResourceMailboxBookingDelegates.input.csv" -WhatIf
A11: =TRUE -> TRUE | B11: M3120 | C11: Online\Modify\M3120-Set-ExchangeOnlineMailboxDelegations.ps1 | D11: Online\Modify\M3120-Set-ExchangeOnlineMailboxDelegations.input.csv | F11: =FALSE -> FALSE | G11: =UPPER(Config!$B$6)="TRUE" -> TRUE | I11: Update mailbox delegations | J11: =IF(A11<>TRUE,"Skip",IF(OR(C11="",D11="",AND(F11=TRUE,Config!$B$5="")),"Missing required","Ready")) -> Ready | K11: =IF(A11<>TRUE,"",TRIM(Config!$B$4 & " -File """ & Config!$B$3 & "\" & C11 & """ -InputCsvPath """ & Config!$B$3 & "\" & D11 & """" & IF(E11<>""," -OutputCsvPath """ & IF(OR(LEFT(E11,2)="\\",MID(E11,2,1)=":"),E11,Config!$B$3 & "\" & E11) & """","") & IF(F11=TRUE," -SharePointAdminUrl """ & Config!$B$5 & """","") & IF(G11=TRUE," -WhatIf","") & IF(H11<>""," " & H11,""))) -> pwsh -File "C:\temp\EntraID_EXO_Basic\Online\Modify\M3120-Set-ExchangeOnlineMailboxDelegations.ps1" -InputCsvPath "C:\temp\EntraID_EXO_Basic\Online\Modify\M3120-Set-ExchangeOnlineMailboxDelegations.input.csv" -WhatIf
A12: =TRUE -> TRUE | B12: M3121 | C12: Online\Modify\M3121-Set-ExchangeOnlineMailboxFolderPermissions.ps1 | D12: Online\Modify\M3121-Set-ExchangeOnlineMailboxFolderPermissions.input.csv | F12: =FALSE -> FALSE | G12: =UPPER(Config!$B$6)="TRUE" -> TRUE | I12: Update mailbox folder permissions | J12: =IF(A12<>TRUE,"Skip",IF(OR(C12="",D12="",AND(F12=TRUE,Config!$B$5="")),"Missing required","Ready")) -> Ready | K12: =IF(A12<>TRUE,"",TRIM(Config!$B$4 & " -File """ & Config!$B$3 & "\" & C12 & """ -InputCsvPath """ & Config!$B$3 & "\" & D12 & """" & IF(E12<>""," -OutputCsvPath """ & IF(OR(LEFT(E12,2)="\\",MID(E12,2,1)=":"),E12,Config!$B$3 & "\" & E12) & """","") & IF(F12=TRUE," -SharePointAdminUrl """ & Config!$B$5 & """","") & IF(G12=TRUE," -WhatIf","") & IF(H12<>""," " & H12,""))) -> pwsh -File "C:\temp\EntraID_EXO_Basic\Online\Modify\M3121-Set-ExchangeOnlineMailboxFolderPermissions.ps1" -InputCsvPath "C:\temp\EntraID_EXO_Basic\Online\Modify\M3121-Set-ExchangeOnlineMailboxFolderPermissions.input.csv" -WhatIf
A13: =TRUE -> TRUE | B13: M3122 | C13: Online\Modify\M3122-Update-ExchangeOnlineMailEnabledSecurityGroups.ps1 | D13: Online\Modify\M3122-Update-ExchangeOnlineMailEnabledSecurityGroups.input.csv | F13: =FALSE -> FALSE | G13: =UPPER(Config!$B$6)="TRUE" -> TRUE | I13: Update mail-enabled security groups | J13: =IF(A13<>TRUE,"Skip",IF(OR(C13="",D13="",AND(F13=TRUE,Config!$B$5="")),"Missing required","Ready")) -> Ready | K13: =IF(A13<>TRUE,"",TRIM(Config!$B$4 & " -File """ & Config!$B$3 & "\" & C13 & """ -InputCsvPath """ & Config!$B$3 & "\" & D13 & """" & IF(E13<>""," -OutputCsvPath """ & IF(OR(LEFT(E13,2)="\\",MID(E13,2,1)=":"),E13,Config!$B$3 & "\" & E13) & """","") & IF(F13=TRUE," -SharePointAdminUrl """ & Config!$B$5 & """","") & IF(G13=TRUE," -WhatIf","") & IF(H13<>""," " & H13,""))) -> pwsh -File "C:\temp\EntraID_EXO_Basic\Online\Modify\M3122-Update-ExchangeOnlineMailEnabledSecurityGroups.ps1" -InputCsvPath "C:\temp\EntraID_EXO_Basic\Online\Modify\M3122-Update-ExchangeOnlineMailEnabledSecurityGroups.input.csv" -WhatIf
A14: =TRUE -> TRUE | B14: M3123 | C14: Online\Modify\M3123-Update-ExchangeOnlineDynamicDistributionGroups.ps1 | D14: Online\Modify\M3123-Update-ExchangeOnlineDynamicDistributionGroups.input.csv | F14: =FALSE -> FALSE | G14: =UPPER(Config!$B$6)="TRUE" -> TRUE | I14: Update dynamic distribution groups | J14: =IF(A14<>TRUE,"Skip",IF(OR(C14="",D14="",AND(F14=TRUE,Config!$B$5="")),"Missing required","Ready")) -> Ready | K14: =IF(A14<>TRUE,"",TRIM(Config!$B$4 & " -File """ & Config!$B$3 & "\" & C14 & """ -InputCsvPath """ & Config!$B$3 & "\" & D14 & """" & IF(E14<>""," -OutputCsvPath """ & IF(OR(LEFT(E14,2)="\\",MID(E14,2,1)=":"),E14,Config!$B$3 & "\" & E14) & """","") & IF(F14=TRUE," -SharePointAdminUrl """ & Config!$B$5 & """","") & IF(G14=TRUE," -WhatIf","") & IF(H14<>""," " & H14,""))) -> pwsh -File "C:\temp\EntraID_EXO_Basic\Online\Modify\M3123-Update-ExchangeOnlineDynamicDistributionGroups.ps1" -InputCsvPath "C:\temp\EntraID_EXO_Basic\Online\Modify\M3123-Update-ExchangeOnlineDynamicDistributionGroups.input.csv" -WhatIf
A15: =TRUE -> TRUE | B15: M3204 | C15: Online\Modify\M3204-PreProvision-OneDrive.ps1 | D15: Online\Modify\M3204-PreProvision-OneDrive.input.csv | F15: =TRUE -> TRUE | G15: =UPPER(Config!$B$6)="TRUE" -> TRUE | I15: Pre-provision OneDrive sites | J15: =IF(A15<>TRUE,"Skip",IF(OR(C15="",D15="",AND(F15=TRUE,Config!$B$5="")),"Missing required","Ready")) -> Ready | K15: =IF(A15<>TRUE,"",TRIM(Config!$B$4 & " -File """ & Config!$B$3 & "\" & C15 & """ -InputCsvPath """ & Config!$B$3 & "\" & D15 & """" & IF(E15<>""," -OutputCsvPath """ & IF(OR(LEFT(E15,2)="\\",MID(E15,2,1)=":"),E15,Config!$B$3 & "\" & E15) & """","") & IF(F15=TRUE," -SharePointAdminUrl """ & Config!$B$5 & """","") & IF(G15=TRUE," -WhatIf","") & IF(H15<>""," " & H15,""))) -> pwsh -File "C:\temp\EntraID_EXO_Basic\Online\Modify\M3204-PreProvision-OneDrive.ps1" -InputCsvPath "C:\temp\EntraID_EXO_Basic\Online\Modify\M3204-PreProvision-OneDrive.input.csv" -SharePointAdminUrl "https://contoso-admin.sharepoint.com" -WhatIf
A16: =TRUE -> TRUE | B16: M3205 | C16: Online\Modify\M3205-Set-OneDriveStorageQuota.ps1 | D16: Online\Modify\M3205-Set-OneDriveStorageQuota.input.csv | F16: =TRUE -> TRUE | G16: =UPPER(Config!$B$6)="TRUE" -> TRUE | I16: Update OneDrive storage quotas | J16: =IF(A16<>TRUE,"Skip",IF(OR(C16="",D16="",AND(F16=TRUE,Config!$B$5="")),"Missing required","Ready")) -> Ready | K16: =IF(A16<>TRUE,"",TRIM(Config!$B$4 & " -File """ & Config!$B$3 & "\" & C16 & """ -InputCsvPath """ & Config!$B$3 & "\" & D16 & """" & IF(E16<>""," -OutputCsvPath """ & IF(OR(LEFT(E16,2)="\\",MID(E16,2,1)=":"),E16,Config!$B$3 & "\" & E16) & """","") & IF(F16=TRUE," -SharePointAdminUrl """ & Config!$B$5 & """","") & IF(G16=TRUE," -WhatIf","") & IF(H16<>""," " & H16,""))) -> pwsh -File "C:\temp\EntraID_EXO_Basic\Online\Modify\M3205-Set-OneDriveStorageQuota.ps1" -InputCsvPath "C:\temp\EntraID_EXO_Basic\Online\Modify\M3205-Set-OneDriveStorageQuota.input.csv" -SharePointAdminUrl "https://contoso-admin.sharepoint.com" -WhatIf
A17: =TRUE -> TRUE | B17: M3206 | C17: Online\Modify\M3206-Set-OneDriveSiteCollectionAdmins.ps1 | D17: Online\Modify\M3206-Set-OneDriveSiteCollectionAdmins.input.csv | F17: =TRUE -> TRUE | G17: =UPPER(Config!$B$6)="TRUE" -> TRUE | I17: Update OneDrive site collection admins | J17: =IF(A17<>TRUE,"Skip",IF(OR(C17="",D17="",AND(F17=TRUE,Config!$B$5="")),"Missing required","Ready")) -> Ready | K17: =IF(A17<>TRUE,"",TRIM(Config!$B$4 & " -File """ & Config!$B$3 & "\" & C17 & """ -InputCsvPath """ & Config!$B$3 & "\" & D17 & """" & IF(E17<>""," -OutputCsvPath """ & IF(OR(LEFT(E17,2)="\\",MID(E17,2,1)=":"),E17,Config!$B$3 & "\" & E17) & """","") & IF(F17=TRUE," -SharePointAdminUrl """ & Config!$B$5 & """","") & IF(G17=TRUE," -WhatIf","") & IF(H17<>""," " & H17,""))) -> pwsh -File "C:\temp\EntraID_EXO_Basic\Online\Modify\M3206-Set-OneDriveSiteCollectionAdmins.ps1" -InputCsvPath "C:\temp\EntraID_EXO_Basic\Online\Modify\M3206-Set-OneDriveSiteCollectionAdmins.input.csv" -SharePointAdminUrl "https://contoso-admin.sharepoint.com" -WhatIf
A18: =TRUE -> TRUE | B18: M3241 | C18: Online\Modify\M3241-Set-SharePointSiteAdmins.ps1 | D18: Online\Modify\M3241-Set-SharePointSiteAdmins.input.csv | F18: =TRUE -> TRUE | G18: =UPPER(Config!$B$6)="TRUE" -> TRUE | I18: Update SharePoint site admins | J18: =IF(A18<>TRUE,"Skip",IF(OR(C18="",D18="",AND(F18=TRUE,Config!$B$5="")),"Missing required","Ready")) -> Ready | K18: =IF(A18<>TRUE,"",TRIM(Config!$B$4 & " -File """ & Config!$B$3 & "\" & C18 & """ -InputCsvPath """ & Config!$B$3 & "\" & D18 & """" & IF(E18<>""," -OutputCsvPath """ & IF(OR(LEFT(E18,2)="\\",MID(E18,2,1)=":"),E18,Config!$B$3 & "\" & E18) & """","") & IF(F18=TRUE," -SharePointAdminUrl """ & Config!$B$5 & """","") & IF(G18=TRUE," -WhatIf","") & IF(H18<>""," " & H18,""))) -> pwsh -File "C:\temp\EntraID_EXO_Basic\Online\Modify\M3241-Set-SharePointSiteAdmins.ps1" -InputCsvPath "C:\temp\EntraID_EXO_Basic\Online\Modify\M3241-Set-SharePointSiteAdmins.input.csv" -SharePointAdminUrl "https://contoso-admin.sharepoint.com" -WhatIf
A19: =TRUE -> TRUE | B19: M3243 | C19: Online\Modify\M3243-Associate-SharePointSitesToHub.ps1 | D19: Online\Modify\M3243-Associate-SharePointSitesToHub.input.csv | F19: =TRUE -> TRUE | G19: =UPPER(Config!$B$6)="TRUE" -> TRUE | I19: Associate sites to hub | J19: =IF(A19<>TRUE,"Skip",IF(OR(C19="",D19="",AND(F19=TRUE,Config!$B$5="")),"Missing required","Ready")) -> Ready | K19: =IF(A19<>TRUE,"",TRIM(Config!$B$4 & " -File """ & Config!$B$3 & "\" & C19 & """ -InputCsvPath """ & Config!$B$3 & "\" & D19 & """" & IF(E19<>""," -OutputCsvPath """ & IF(OR(LEFT(E19,2)="\\",MID(E19,2,1)=":"),E19,Config!$B$3 & "\" & E19) & """","") & IF(F19=TRUE," -SharePointAdminUrl """ & Config!$B$5 & """","") & IF(G19=TRUE," -WhatIf","") & IF(H19<>""," " & H19,""))) -> pwsh -File "C:\temp\EntraID_EXO_Basic\Online\Modify\M3243-Associate-SharePointSitesToHub.ps1" -InputCsvPath "C:\temp\EntraID_EXO_Basic\Online\Modify\M3243-Associate-SharePointSitesToHub.input.csv" -SharePointAdminUrl "https://contoso-admin.sharepoint.com" -WhatIf
A20: =TRUE -> TRUE | B20: M3310 | C20: Online\Modify\M3310-Set-MicrosoftTeamMembers.ps1 | D20: Online\Modify\M3310-Set-MicrosoftTeamMembers.input.csv | F20: =FALSE -> FALSE | G20: =UPPER(Config!$B$6)="TRUE" -> TRUE | I20: Update Team members | J20: =IF(A20<>TRUE,"Skip",IF(OR(C20="",D20="",AND(F20=TRUE,Config!$B$5="")),"Missing required","Ready")) -> Ready | K20: =IF(A20<>TRUE,"",TRIM(Config!$B$4 & " -File """ & Config!$B$3 & "\" & C20 & """ -InputCsvPath """ & Config!$B$3 & "\" & D20 & """" & IF(E20<>""," -OutputCsvPath """ & IF(OR(LEFT(E20,2)="\\",MID(E20,2,1)=":"),E20,Config!$B$3 & "\" & E20) & """","") & IF(F20=TRUE," -SharePointAdminUrl """ & Config!$B$5 & """","") & IF(G20=TRUE," -WhatIf","") & IF(H20<>""," " & H20,""))) -> pwsh -File "C:\temp\EntraID_EXO_Basic\Online\Modify\M3310-Set-MicrosoftTeamMembers.ps1" -InputCsvPath "C:\temp\EntraID_EXO_Basic\Online\Modify\M3310-Set-MicrosoftTeamMembers.input.csv" -WhatIf
A21: =TRUE -> TRUE | B21: M3311 | C21: Online\Modify\M3311-Update-MicrosoftTeamChannels.ps1 | D21: Online\Modify\M3311-Update-MicrosoftTeamChannels.input.csv | F21: =FALSE -> FALSE | G21: =UPPER(Config!$B$6)="TRUE" -> TRUE | I21: Update Team channels | J21: =IF(A21<>TRUE,"Skip",IF(OR(C21="",D21="",AND(F21=TRUE,Config!$B$5="")),"Missing required","Ready")) -> Ready | K21: =IF(A21<>TRUE,"",TRIM(Config!$B$4 & " -File """ & Config!$B$3 & "\" & C21 & """ -InputCsvPath """ & Config!$B$3 & "\" & D21 & """" & IF(E21<>""," -OutputCsvPath """ & IF(OR(LEFT(E21,2)="\\",MID(E21,2,1)=":"),E21,Config!$B$3 & "\" & E21) & """","") & IF(F21=TRUE," -SharePointAdminUrl """ & Config!$B$5 & """","") & IF(G21=TRUE," -WhatIf","") & IF(H21<>""," " & H21,""))) -> pwsh -File "C:\temp\EntraID_EXO_Basic\Online\Modify\M3311-Update-MicrosoftTeamChannels.ps1" -InputCsvPath "C:\temp\EntraID_EXO_Basic\Online\Modify\M3311-Update-MicrosoftTeamChannels.input.csv" -WhatIf
A22: =TRUE -> TRUE | B22: M3312 | C22: Online\Modify\M3312-Set-MicrosoftTeamChannelMembers.ps1 | D22: Online\Modify\M3312-Set-MicrosoftTeamChannelMembers.input.csv | F22: =FALSE -> FALSE | G22: =UPPER(Config!$B$6)="TRUE" -> TRUE | I22: Update Team channel members | J22: =IF(A22<>TRUE,"Skip",IF(OR(C22="",D22="",AND(F22=TRUE,Config!$B$5="")),"Missing required","Ready")) -> Ready | K22: =IF(A22<>TRUE,"",TRIM(Config!$B$4 & " -File """ & Config!$B$3 & "\" & C22 & """ -InputCsvPath """ & Config!$B$3 & "\" & D22 & """" & IF(E22<>""," -OutputCsvPath """ & IF(OR(LEFT(E22,2)="\\",MID(E22,2,1)=":"),E22,Config!$B$3 & "\" & E22) & """","") & IF(F22=TRUE," -SharePointAdminUrl """ & Config!$B$5 & """","") & IF(G22=TRUE," -WhatIf","") & IF(H22<>""," " & H22,""))) -> pwsh -File "C:\temp\EntraID_EXO_Basic\Online\Modify\M3312-Set-MicrosoftTeamChannelMembers.ps1" -InputCsvPath "C:\temp\EntraID_EXO_Basic\Online\Modify\M3312-Set-MicrosoftTeamChannelMembers.input.csv" -WhatIf

Sheet Config
A1: Setting | B1: Value | C1: Notes
A2: WorkbookTitle | B2: Modify Orchestrator | C2: Read-only label for this workbook
A3: RootPath | B3: C:\temp\EntraID_EXO_Basic | C3: Change this to where the repo was extracted, for example C:\temp\EntraID_EXO_Basic
A4: PwshExe | B4: pwsh | C4: pwsh or full path to pwsh.exe
A5: SharePointAdminUrl | B5: https://contoso-admin.sharepoint.com | C5: Used only when NeedsSharePointAdminUrl is TRUE
A6: UseWhatIfDefault | B6: TRUE | C6: Default for UseWhatIf column; can be changed per row
